Control,Pass,,'line': 100
SN-times,gen.TrueTimes,Control,"'detector_location':'snewpdag/data/detector_location.csv', 'detectors': ['SNOP','SK','IC','JUNO'], 'ra':$RA, 'dec':$DEC, 'time':'2021-11-01 05:22:36.328','epoch_base':$EPOCH_BASE"
SN,Write,SN-times,"'on':['alert','report'],'write':(('png_pattern','output/$TAG-$MODEL-$SPECIES-y$YIELD_IC-y$YIELD_SK-y$YIELD_SNOPLUS-y$YIELD_JUNO-d$DISTANCE-{}-{}-{}.png'),('py_pattern','output/$TAG-$MODEL-$SPECIES-y$YIELD_IC-y$YIELD_SK-y$YIELD_SNOPLUS-y$YIELD_JUNO-d$DISTANCE-{}-{}-{}.py'),('fits_pattern','output/$TAG-$MODEL-$SPECIES-y$YIELD_IC-y$YIELD_SK-y$YIELD_SNOPLUS-y$YIELD_JUNO-d$DISTANCE-{}-{}-{}.fits'),('coincident_detectors',['IC','SNOP','SK','JUNO']),)"
SN-out,Pass,SN,"'line':100, 'dump':0"
,,,
IC-new,ops.NewHist1D,SN,"'out_field':'histogram1','nbins':3000,'start':-3.0,'stop':3.0"
IC-bg,gen.Uniform,IC-new,"'field':'histogram1','rate':$BG_IC,'tmin':-3.0,'tmax':3.0"
IC-signal,gen.GenTimeDist_IceCube,IC-bg,"'field':'histogram1','sig_mean':$YIELD_IC,'sig_distance':$DISTANCE,'sig_t0':('truth','dets','IC','true_t'),'sig_filetype':'tn','sig_delimiter':',','sig_filename':'/Users/alexsin/Desktop/SURE/snewpdag/models/$CHANNEL-$MODEL-nmo-wc.data'"
IC-data,Write,IC-signal,"'on':['alert'],'write':(('detector','IC'),)"
,,,
SK-new,ops.NewTimeSeries,IC-data,"'out_field':'timeseries1','start':-3.0,'stop':3.0"
SK-bg,gen.Uniform,SK-new,"'field':'timeseries1','rate':$BG_SK,'tmin':-3.0,'tmax':3.0"
SK-signal,gen.GenTimeDist,SK-bg,"'field':'timeseries1','sig_mean':$YIELD_SK,'sig_distance':$DISTANCE,'sig_t0':('truth','dets','SK','true_t'),'sig_filetype':'tn','sig_delimiter':',','sig_filename':'/Users/alexsin/Desktop/SURE/snewpdag/models/$CHANNEL-$MODEL-nmo-wc.data'"
SK-data,Write,SK-signal,"'on':['alert'],'write':(('detector','SK'),)"
,,,
SNOP-new,ops.NewTimeSeries,SK-data,"'out_field':'timeseries2','start':-3.0,'stop':3.0"
SNOP-bg,gen.Uniform,SNOP-new,"'field':'timeseries2','rate':$BG_SNOPLUS,'tmin':-3.0,'tmax':3.0"
SNOP-signal,gen.GenTimeDist,SNOP-bg,"'field':'timeseries2','sig_mean':$YIELD_SNOPLUS,'sig_distance':$DISTANCE,'sig_t0':('truth','dets','SNOP','true_t'),'sig_filetype':'tn','sig_delimiter':',','sig_filename':'/Users/alexsin/Desktop/SURE/snewpdag/models/$CHANNEL-$MODEL-nmo-scint.data'"
SNOP-data,Write,SNOP-signal,"'on':['alert'],'write':(('detector','SNOP'),)"
,,,
JUNO-new,ops.NewTimeSeries,SNOP-data,"'out_field':'timeseries3','start':-3.0,'stop':3.0"
JUNO-bg,gen.Uniform,JUNO-new,"'field':'timeseries3','rate':$BG_JUNO,'tmin':-3.0,'tmax':3.0"
JUNO-signal,gen.GenTimeDist,JUNO-bg,"'field':'timeseries3','sig_mean':$YIELD_JUNO,'sig_distance':$DISTANCE,'sig_t0':('truth','dets','JUNO','true_t'),'sig_filetype':'tn','sig_delimiter':',','sig_filename':'/Users/alexsin/Desktop/SURE/snewpdag/models/$CHANNEL-$MODEL-nmo-scint.data'"
JUNO-data,Write,JUNO-signal,"'on':['alert'],'write':(('detector','JUNO'),)"
,,,
Coarse-scan,TimeLagGenerator,JUNO-data,"'out_field':'possible_time_lag_list','scan_centre':0.0, 'scan_half_width': 0.1, 'coarse_step':0.005,'scan_type':'coarse'"
,,,
Smooth_Cov_1,PairTimeSeriesToHist_Smoothing,Coarse-scan,"'in_hist1_field':'histogram1','in_ts2_field':'timeseries1','out_hist_field':'hist1_cov','bin_width':$BIN_WIDTH,'window_size':$WINDOW_SIZE,'window_start':$WINDOW_START,'lags_field':'possible_time_lag_list','hist1_ic':True,'rise_constant':$RISE_CONSTANT,'fall_constant':$FALL_CONSTANT,'sigma1':$SIGMA,'sigma2':$SIGMA,'frac_rise':$FRAC_RISE,'frac_fall':$FRAC_FALL,'impact_range':$IMPACT_RANGE,'mean_correction':$MEAN_CORRECTION,'cache_hist1':$CACHE_HIST1"
,,,
Smooth_Cov_2,PairTimeSeriesToHist_Smoothing,Coarse-scan,"'in_ts1_field':'timeseries1','in_ts2_field':'timeseries2','out_hist_field':'hist2_cov','bin_width':$BIN_WIDTH,'window_size':$WINDOW_SIZE,'window_start':$WINDOW_START,'lags_field':'possible_time_lag_list','rise_constant':$RISE_CONSTANT,'fall_constant':$FALL_CONSTANT,'sigma1':$SIGMA,'sigma2':$SIGMA,'frac_rise':$FRAC_RISE,'frac_fall':$FRAC_FALL,'impact_range':$IMPACT_RANGE,'mean_correction':$MEAN_CORRECTION,'cache_hist1':$CACHE_HIST1"
,,,
Smooth_Cov_3,PairTimeSeriesToHist_Smoothing,Coarse-scan,"'in_ts1_field':'timeseries1','in_ts2_field':'timeseries3','out_hist_field':'hist3_cov','bin_width':$BIN_WIDTH,'window_size':$WINDOW_SIZE,'window_start':$WINDOW_START,'lags_field':'possible_time_lag_list','rise_constant':$RISE_CONSTANT,'fall_constant':$FALL_CONSTANT,'sigma1':$SIGMA,'sigma2':$SIGMA,'frac_rise':$FRAC_RISE,'frac_fall':$FRAC_FALL,'impact_range':$IMPACT_RANGE,'mean_correction':$MEAN_CORRECTION,'cache_hist1':$CACHE_HIST1"
,,,
Like_Cov_1,PoissonLagLikelihood_v7,Smooth_Cov_1,"'in_hist_field':'hist1_cov','out_field':'like1_cov','sen_1':$SEN_IC,'sen_2':$SEN_SK,'bg_1':$BG_IC,'bg_2':$BG_SK"
,,,
Like_Cov_2,PoissonLagLikelihood_v7,Smooth_Cov_2,"'in_hist_field':'hist2_cov','out_field':'like2_cov','sen_1':$SEN_SK,'sen_2':$SEN_SNOPLUS,'bg_1':$BG_SK,'bg_2':$BG_SNOPLUS"
,,,
Like_Cov_3,PoissonLagLikelihood_v7,Smooth_Cov_3,"'in_hist_field':'hist3_cov','out_field':'like3_cov','sen_1':$SEN_SK,'sen_2':$SEN_JUNO,'bg_1':$BG_SK,'bg_2':$BG_JUNO"
,,,
Collect_Cov_1,LikelihoodScanCollector,Like_Cov_1,"'input_field':'like1_cov','out_field':'collect1_cov','scan_type':'coarse'"
,,,
Collect_Cov_2,LikelihoodScanCollector,Like_Cov_2,"'input_field':'like2_cov','out_field':'collect2_cov','scan_type':'coarse'"
,,,
Collect_Cov_3,LikelihoodScanCollector,Like_Cov_3,"'input_field':'like3_cov','out_field':'collect3_cov','scan_type':'coarse'"
,,,
Fine-scan_Cov_1,TimeLagGenerator,Collect_Cov_1,"'out_field':'fine_time_lag_list','fine_step':0.0001,'in_roi_field':'collect1_cov/roi','scan_type':'fine'"
,,,
Fine-scan_Cov_2,TimeLagGenerator,Collect_Cov_2,"'out_field':'fine_time_lag_list','fine_step':0.0001,'in_roi_field':'collect2_cov/roi','scan_type':'fine'"
,,,
Fine-scan_Cov_3,TimeLagGenerator,Collect_Cov_3,"'out_field':'fine_time_lag_list','fine_step':0.0001,'in_roi_field':'collect3_cov/roi','scan_type':'fine'"
,,,
Fine-Smooth_Cov_1,PairTimeSeriesToHist_Smoothing,Fine-scan_Cov_1,"'in_hist1_field':'histogram1','in_ts2_field':'timeseries1','out_hist_field':'fine_hist1_cov','bin_width':$BIN_WIDTH,'window_size':$WINDOW_SIZE,'window_start':$WINDOW_START,'lags_field':'fine_time_lag_list','hist1_ic':True,'rise_constant':$RISE_CONSTANT,'fall_constant':$FALL_CONSTANT,'sigma1':$SIGMA,'sigma2':$SIGMA,'frac_rise':$FRAC_RISE,'frac_fall':$FRAC_FALL,'impact_range':$IMPACT_RANGE,'mean_correction':$MEAN_CORRECTION,'cache_hist1':$CACHE_HIST1"
,,,
Fine-Smooth_Cov_2,PairTimeSeriesToHist_Smoothing,Fine-scan_Cov_2,"'in_ts1_field':'timeseries1','in_ts2_field':'timeseries2','out_hist_field':'fine_hist2_cov','bin_width':$BIN_WIDTH,'window_size':$WINDOW_SIZE,'window_start':$WINDOW_START,'lags_field':'fine_time_lag_list','rise_constant':$RISE_CONSTANT,'fall_constant':$FALL_CONSTANT,'sigma1':$SIGMA,'sigma2':$SIGMA,'frac_rise':$FRAC_RISE,'frac_fall':$FRAC_FALL,'impact_range':$IMPACT_RANGE,'mean_correction':$MEAN_CORRECTION,'cache_hist1':$CACHE_HIST1"
,,,
Fine-Smooth_Cov_3,PairTimeSeriesToHist_Smoothing,Fine-scan_Cov_3,"'in_ts1_field':'timeseries1','in_ts2_field':'timeseries3','out_hist_field':'fine_hist3_cov','bin_width':$BIN_WIDTH,'window_size':$WINDOW_SIZE,'window_start':$WINDOW_START,'lags_field':'fine_time_lag_list','rise_constant':$RISE_CONSTANT,'fall_constant':$FALL_CONSTANT,'sigma1':$SIGMA,'sigma2':$SIGMA,'frac_rise':$FRAC_RISE,'frac_fall':$FRAC_FALL,'impact_range':$IMPACT_RANGE,'mean_correction':$MEAN_CORRECTION,'cache_hist1':$CACHE_HIST1"
,,,
Fine-Like_Cov_1,PoissonLagLikelihood_v7,Fine-Smooth_Cov_1,"'in_hist_field':'fine_hist1_cov','out_field':'fine_like1_cov','sen_1':$SEN_IC,'sen_2':$SEN_SK,'bg_1':$BG_IC,'bg_2':$BG_SK"
,,,
Fine-Like_Cov_2,PoissonLagLikelihood_v7,Fine-Smooth_Cov_2,"'in_hist_field':'fine_hist2_cov','out_field':'fine_like2_cov','sen_1':$SEN_SK,'sen_2':$SEN_SNOPLUS,'bg_1':$BG_SK,'bg_2':$BG_SNOPLUS"
,,,
Fine-Like_Cov_3,PoissonLagLikelihood_v7,Fine-Smooth_Cov_3,"'in_hist_field':'fine_hist3_cov','out_field':'fine_like3_cov','sen_1':$SEN_SK,'sen_2':$SEN_JUNO,'bg_1':$BG_SK,'bg_2':$BG_JUNO"
,,,
Fine-Collect_Cov_1,LikelihoodScanCollector,Fine-Like_Cov_1,"'input_field':'fine_like1_cov','out_field':'fine_collect1_cov','scan_type':'fine'"
,,,
Fine-Collect_Cov_2,LikelihoodScanCollector,Fine-Like_Cov_2,"'input_field':'fine_like2_cov','out_field':'fine_collect2_cov','scan_type':'fine'"
,,,
Fine-Collect_Cov_3,LikelihoodScanCollector,Fine-Like_Cov_3,"'input_field':'fine_like3_cov','out_field':'fine_collect3_cov','scan_type':'fine'"
,,,
Dts_Cov_1,LikelihoodScanToDts,Fine-Collect_Cov_1,"'input_field':'fine_collect1_cov','out_field':'dts','out_key':('IC','SK'),'reference_time':$EPOCH_BASE,'lag_sign':-1.0,'variance_mode':'plot','covariance_mode':'detector_db','bias':0.0,'detector_location':'snewpdag/data/detector_location.csv'"
,,,
Dts_Cov_2,LikelihoodScanToDts,Fine-Collect_Cov_2,"'input_field':'fine_collect2_cov','out_field':'dts','out_key':('SK','SNOP'),'reference_time':$EPOCH_BASE,'lag_sign':-1.0,'variance_mode':'plot','covariance_mode':'detector_db','bias':0.0,'detector_location':'snewpdag/data/detector_location.csv'"
,,,
Dts_Cov_3,LikelihoodScanToDts,Fine-Collect_Cov_3,"'input_field':'fine_collect3_cov','out_field':'dts','out_key':('SK','JUNO'),'reference_time':$EPOCH_BASE,'lag_sign':-1.0,'variance_mode':'plot','covariance_mode':'detector_db','bias':0.0,'detector_location':'snewpdag/data/detector_location.csv'"
,,,
Point_Cov,DiffPointing,"Dts_Cov_1,Dts_Cov_2,Dts_Cov_3","'detector_location':'snewpdag/data/detector_location.csv','nside':32,'min_dts':3"
Prob_Cov,Chi2Prob,Point_Cov,"'in_field':'map','in_ndof_field':'ndof','out_field':'probmap_cov'"
ProbMap_Cov,renderers.Mollview,Prob_Cov,"'on':['alert'],'in_field':'probmap_cov','title':'Convolution smoothing probability map','units':'Probability','range':(0,),'coord':['C'],'filename':'[png_pattern]','scriptname':'[py_pattern]'"
CL_Cov,Chi2CL,Point_Cov,"'in_field':'map','in_ndof_field':'ndof','out_field':'clmap_cov'"
CLMap_Cov,renderers.Mollview,CL_Cov,"'on':['alert'],'in_field':'clmap_cov','title':'Convolution smoothing confidence map','units':'Confidence level','range':(0,1),'coord':['C'],'filename':'[png_pattern]','scriptname':'[py_pattern]'"
